id;id_2_job;code;name;expiration_in_month;type_course;autorization_by;duration_authorization_in_month;description;link;extra_1;extra_2;extra_3;extra_4;extra_5;extra_6;extra_7;extra_8;extra_9;extra_10;created;created_at;edited;edited_at
1;98579;neural Euro seize;Rupee background;10154;REMOTE;Soft;24607;Sausages niches synthesizing;array Tasty Ohio;Iraq;compressing;Arizona;Extensions reboot Harbors;Idaho;Bedfordshire override EXE;Steel Concrete Table;fresh-thinking;deposit;bandwidth Quality;Games Kids Burundi;2023-05-28T06:25:36;online copy;2023-05-28T10:37:20
2;51121;Bhutan Optimized pay;FTP;60805;ONLINE;blue;18672;virtual;fuchsia solution;reboot transmit;Rubber U.S. Credit;Pants;application;programming leading-edge;Fantastic pink Soft;Virginia Silver Sleek;Plastic Cliff;functionalities withdrawal;Tennessee;IB compressing;2023-05-28T10:36:03;grey Pre-emptive capacitor;2023-05-27T21:16:04
3;75751;Pound;Rubber web-readiness;44768;PRESENT;Hat;37968;Lodge;granular;full-range toolset;Sleek;Garden Strategist generating;Account;Sausages Hollow challenge;Washington Licensed Georgia;Fresh feed Legacy;asymmetric;calculate Lesotho;Shoes;Refined CSS;2023-05-27T22:55:01;Incredible primary Table;2023-05-28T10:56:15
4;36691;Saint;York;75762;PRESENT;Rubber;18585;Maine even-keeled;application;Account;bandwidth;copying;purple Unbranded Tactics;Jersey Profound;bluetooth Salad;Islands Forward Cheese;Rubber;scale Avon Pants;Alabama Estates Pants;Fresh Berkshire Outdoors;2023-05-28T07:31:15;Accountability neural wireless;2023-05-27T23:25:57
5;7355;Orchestrator;Chicken invoice;21673;WBT;Granite Manager;10713;copy;Account teal;transmitter Tuna payment;Baby Table local;Movies;Plaza invoice solutions;District;invoice transmit;calculating;synthesize JBOD;back-end;Cotton;Diverse Infrastructure HTTP;2023-05-28T09:51:34;Human;2023-05-28T04:57:24
6;5067;Mongolia;driver Heights;87557;ONLINE;SMS Frozen;45350;cultivate;Planner;Mauritania Handmade virtual;yellow Interactions;calculate success yellow;Director heuristic core;Dynamic;hierarchy bandwidth;Bacon Buckinghamshire transmitting;Vermont Handcrafted;leverage Associate;Accounts Personal;Graphic revolutionize;2023-05-28T07:44:59;New;2023-05-27T22:06:08
7;69114;Future Concrete;Rubber Territory deliver;7619;REMOTE;Card invoice back-end;30611;programming;Jamaica;generating;bricks-and-clicks task-force;metrics;value-added Platinum;salmon Intelligent;back Small payment;Identity Supervisor;strategize Brand;global vertical;hub Savings;Internal;2023-05-28T11:49:01;Franc ROI Integrated;2023-05-28T15:24:58
8;31279;American;Connecticut;75315;REMOTE;Regional Borders;45532;redundant harness;transmit;Automotive Down-sized Gloves;syndicate Bedfordshire Rubber;Home Investor;Rustic Chair feed;Granite Computer withdrawal;Cliff;payment;Bulgaria Cloned;Savings;Synergistic SQL;Home Bike Account;2023-05-28T18:44:21;Arkansas Wyoming Steel;2023-05-28T03:38:33
9;12424;Car transmitting;Coves dot-com;71976;REMOTE;Usability Human Consultant;48400;iterate Sausages Vermont;Ergonomic Rand;methodology yellow;XSS Palladium;Programmable well-modulated;Cambridgeshire;Guinea;Versatile multimedia;withdrawal Programmable;Rubber;Mountain digital;Fantastic;Borders;2023-05-28T09:14:51;Technician generate;2023-05-27T22:19:36
10;50484;Soft Operations;Buckinghamshire;14296;REMOTE;bricks-and-clicks aggregate Berkshire;64754;repurpose Granite;quantifying Manors;metrics;white database overriding;payment;Indiana;transform productize dynamic;Intuitive;whiteboard;Metrics driver;azure Wyoming;Sleek impactful Oklahoma;redefine Table Kids;2023-05-27T21:13:02;compressing Bedfordshire;2023-05-28T14:00:20
