id;id_2_job;jhi_user;first_name;last_name;email;phone_number;hire_date;emergency_contact;emergency_phone;blode_type;allergies;birth_date;note;extra_1;extra_2;extra_3;extra_4;extra_5;extra_6;extra_7;extra_8;extra_9;extra_10;created;created_at;edited;edited_at
1;62962;payment back-end Account;Earl;Nader;Brando.Gerlach15@yahoo.com;Granite leading-edge;2023-05-28T05:23:06;California silver;Home;Wo;monitor Account Garden;2023-05-28T09:01:00;reinvent orchestrate;Africa synergy Albania;mobile Granite;Plastic;pink;lime Jersey time-frame;deposit Soap Marketing;Devolved rich;Kiribati Group;Movies;Cambridgeshire Automated;magenta;2023-05-28T03:59:30;Bacon Officer;2023-05-28T14:58:23
2;18263;Forward microchip;Dagmar;Farrell;Nya.Bauch@hotmail.com;quantify Home;2023-05-28T19:27:09;architecture 24/7 reinvent;Rustic Operations;In;sensor;2023-05-28T19:41:22;Awesome monetize;Cyprus Group;redundant;multi-state payment;Baby;Upgradable Unbranded;SMS SMTP customized;Unbranded;bandwidth;Philippine back Music;Granite;mindshare;2023-05-28T19:09:08;infomediaries implementation;2023-05-28T19:55:17
3;15412;generate Principal green;Daisha;Botsford;Alison_Boyer@gmail.com;withdrawal;2023-05-28T19:25:32;Principal transmitter reboot;Toys hacking virtual;Ma;Fantastic synthesize;2023-05-27T21:21:30;Assistant Senior red;value-added;Chips;HTTP needs-based;Self-enabling Borders Rustic;Tuna convergence;Bedfordshire;indexing Frozen;Loan Cambridgeshire policy;cross-platform fuchsia Computer;radical Fresh;Garden Syrian Mobility;2023-05-28T18:00:17;interface;2023-05-28T14:56:57
4;79274;Jewelery Gorgeous;Toney;Klein;Freddie_Hegmann@yahoo.com;parallelism Sleek;2023-05-28T08:29:56;fuchsia Gorgeous;mint;na;Fantastic Loan;2023-05-28T04:36:25;Account Jewelery deposit;protocol Polynesia Chips;Kip technologies;Summit user;overriding International reintermediate;AGP Gorgeous;cyan;Soap withdrawal;withdrawal Applications;Cotton reinvent synthesize;Account Intranet;local Account transition;2023-05-27T21:22:22;Architect pixel;2023-05-28T20:33:47
5;40350;programming Investment;Hillard;O'Kon;Lorena.Dooley@yahoo.com;Forward;2023-05-27T21:50:31;Tajikistan;out-of-the-box Quality Plastic;Di;Croatian Lead;2023-05-28T17:43:17;experiences neutral;PCI challenge benchmark;withdrawal;Intelligent grey;bluetooth;Auto Grass-roots;New Nevada;UIC-Franc;transform overriding installation;Forge;Naira matrix Representative;Cedi District;2023-05-27T23:57:36;Persevering user-facing;2023-05-28T12:07:04
6;52712;Ergonomic Pike;Angelita;Kuhn;Cristian.OKon35@gmail.com;microchip productize deposit;2023-05-28T05:00:58;attitude Specialist;Officer capability;mo;enable Soap;2023-05-28T05:31:31;optimal;product cross-media primary;Pants;Account;Borders Metrics;Mouse International deposit;Representative Oro;Loan sensor Metal;Synergized Louisiana architectures;installation Facilitator;Borders open-source;quantifying;2023-05-28T15:17:16;hack Chair;2023-05-28T04:57:04
7;83105;Fantastic;Tod;Cruickshank;Jordi_Kuvalis@yahoo.com;Ergonomic context-sensitive programming;2023-05-28T09:51:25;sensor Lari withdrawal;bus;in;e-business Metal;2023-05-27T21:11:38;generating Mississippi;Devolved;e-services Square Colorado;deposit application Loan;Pants;Cross-platform Sausages internet;Bacon mobile interfaces;lime Swaziland;intangible;driver Compatible Ball;copying;next-generation Legacy;2023-05-28T01:20:45;Ergonomic;2023-05-28T12:34:41
8;82481;Ohio Renminbi;Eli;Swaniawski;Peggie.Schmidt@gmail.com;Trinidad Metal;2023-05-27T23:40:54;one-to-one Berkshire;Montana;Ce;Texas Planner Track;2023-05-28T13:57:54;Bedfordshire magenta;Corporate;Hat;convergence moderator;Associate;Factors Applications Self-enabling;ADP bricks-and-clicks;Licensed Table North;Washington Carolina Chips;evolve;evolve archive Cambridgeshire;Borders;2023-05-28T03:39:07;driver;2023-05-28T05:09:13
9;91933;Forward;Monica;Bogisich;Julio_Rohan@gmail.com;Handmade;2023-05-28T02:36:19;turn-key HDD Licensed;Metal Rubber;e-;Cambridgeshire Generic connecting;2023-05-28T08:28:16;red circuit fuchsia;Home system;District invoice;interfaces optical;Cotton;Checking Forward;content mobile Portugal;SMTP mobile Loan;line mobile Practical;Sausages Gorgeous Small;Automotive Frozen Small;Associate;2023-05-27T21:32:57;synthesizing;2023-05-28T04:12:55
10;17348;AI Cambridgeshire monitor;Mya;O'Keefe;Cindy_Toy36@gmail.com;Tasty;2023-05-28T08:46:41;Cheese;Sahara extend;Pa;Designer Gloves drive;2023-05-28T12:01:23;Ports maroon Seamless;mobile repurpose;extend;streamline Valley;explicit;Specialist;Shoes Sports;Burgs;Tactics Springs wireless;customer B2C;extensible platforms;quantify quantify;2023-05-28T02:25:54;bandwidth-monitored 24/365;2023-05-28T17:01:29
