id;id_2_employee;name;link;extra_1;extra_2;extra_3;extra_4;extra_5;extra_6;extra_7;extra_8;extra_9;extra_10;created;created_at;edited;edited_at
1;43535;Frozen;Kids program;impactful back-end pink;Fish Soft;markets Frozen Investor;FTP bypassing;Romania Mountains;database;Facilitator;Steel Namibia;optical hack payment;Manager;Fords;2023-05-28T14:50:01;teal generation Electronics;2023-05-28T10:43:09
2;63569;Cloned;networks Chair;payment Orchestrator utilisation;regional GB Unbranded;parse distributed Public-key;envisioneer Home;Optimized application Card;XML;Handmade Intelligent;navigating compelling;open-source Bedfordshire program;California Tennessee Clothing;Dollar;2023-05-28T02:49:03;Falls Metal transmitter;2023-05-28T20:20:36
3;66641;Global;copy Mississippi;Frozen Credit calculate;synthesize;calculating Licensed Wooden;matrix;Incredible USB;Account Generic Account;transmit;Georgia Squares;foreground Frozen invoice;Cross-platform Refined Plastic;virtual;2023-05-28T05:13:28;impactful Operations;2023-05-28T18:56:01
4;44269;Michigan Legacy;Fish auxiliary;salmon Health Integration;systemic olive Shirt;Applications Yemen;Well parsing District;Personal Freeway Car;Global;Baby incentivize GB;Buckinghamshire;magnetic;compress;back optimizing;2023-05-27T21:16:57;back-end Paradigm;2023-05-28T13:44:46
5;2064;definition;reinvent Music Response;TCP Director mobile;EXE;Fresh Bedfordshire;green;deliverables Concrete calculate;Granite Communications;toolset Architect;parse quantifying;JSON;d'Ivoire Pizza;Dollar Avon;2023-05-28T18:17:15;fresh-thinking;2023-05-28T06:17:56
6;76703;calculate Account;Supervisor Table payment;Bedfordshire;Checking copying Communications;Internal Mall Mariana;back-end;Global Function-based;user-centric;Shoes experiences;Specialist Rustic matrix;Paradigm calculate;index Pants Assurance;Auto;2023-05-28T13:54:36;Monetary;2023-05-27T22:08:31
7;38575;Loan;aggregate;Keys Innovative Account;firewall Gorgeous;Colombia;Customizable;bleeding-edge;PNG;fuchsia Berkshire Loan;navigate Shoes;leading-edge Alaska;Configuration;exuding;2023-05-28T12:39:42;Concrete Manager;2023-05-28T03:16:05
8;48507;violet harness;enterprise streamline Wooden;AGP;overriding Georgia;Open-architected innovate Steel;CSS RAM;Practical quantify;RSS Missouri;Steel Operations;Specialist;quantifying Rubber;optical incubate;functionalities;2023-05-27T22:01:24;repurpose;2023-05-28T11:57:01
9;29610;Directives deliverables;payment Concrete;Ukraine Savings;Games;Lebanese;Awesome logistical transmitting;Maryland Pizza;deposit;Soap;Steel;Jewelery;Buckinghamshire Granite;synergistic Communications asynchronous;2023-05-28T11:36:59;Loan programming;2023-05-28T18:49:29
10;47422;Indonesia;driver Home wireless;e-business Interactions;composite;bypassing;Saint Hat value-added;Chief Account;Georgia Ergonomic;mindshare;bypass;Orchestrator Account;Wooden Salad China;firewall Adaptive Internal;2023-05-28T20:28:32;Cotton;2023-05-28T19:21:47
