id;id_2_course;code;expiration_in_month;kind;description;extra_1;extra_2;extra_3;extra_4;extra_5;extra_6;extra_7;extra_8;extra_9;extra_10;created;created_at;edited;edited_at
1;67372;Health;77031;CERTIFICATE;wireless;Cook Rubber;Salad Metal;Refined;Music deposit;Bedfordshire Games COM;Representative USB;pixel Executive;pink;connecting Unit Cotton;payment;Money;2023-05-28T19:07:32;bandwidth Architect interface;2023-05-28T15:47:04
2;73334;SMS compressing copy;4739;CERTIFICATE;Integrated implement CSS;Assistant Central SQL;bleeding-edge bandwidth-monitored;optical Beauty mobile;Ergonomic Cambridgeshire Shoes;didactic lavender payment;Macedonia Brooks;Cedi;Rupee;Republic 24/365 Manager;attitude-oriented Virginia monetize;Unbranded alarm Ball;2023-05-28T11:18:41;visionary quantify Designer;2023-05-27T21:39:15
3;16185;card hard Indian;55534;ONTHEJOB;Vision-oriented (E.M.U.-6) withdrawal;Beauty;Upgradable Technician;Specialist Metal;Cross-platform Avon connect;program;Baby;dynamic Lempira;Cayman;orchestration streamline withdrawal;Morocco Generic blockchains;Mountains HTTP Upgradable;2023-05-27T21:55:54;Chips bricks-and-clicks Wooden;2023-05-28T09:11:38
4;49802;pixel reinvent;82012;COURSE;Dynamic Arizona Moroccan;Unbranded;hacking holistic grow;Alabama backing cultivate;Buckinghamshire online Developer;sticky deposit;Forward Multi-tiered system;granular;Representative object-oriented monitor;Clothing;visualize;next-generation;2023-05-28T17:50:16;Montana;2023-05-28T10:56:37
5;51743;Refined mindshare st;31483;ONTHEJOB;hack;transmitter Account;mobile Program invoice;enterprise Investment;Savings U.S. Chips;withdrawal Chicken salmon;supply-chains;e-markets;India Frozen Cambridgeshire;Balboa Multi-lateral alarm;port;adapter Maine;2023-05-28T15:48:42;maroon open-source card;2023-05-28T01:32:08
6;2674;Home;26452;CERTIFICATE;Robust transmit;Loan;Marketing actuating;demand-driven Steel online;compress bypass;Synergistic withdrawal Generic;synthesizing Investor back;Forward Tennessee;Granite withdrawal;ROI Grocery Internal;azure Coordinator multi-tasking;Designer;2023-05-28T04:40:02;Steel;2023-05-28T08:09:02
7;55225;Computers Home Imple;57072;CERTIFICATE;Clothing Pants;Cambridgeshire Cambridgeshire;multi-byte Kentucky payment;hard;Fresh Mouse Circles;Practical;Computer;Down-sized;optical;neural Virtual Forks;Russian Gorgeous;North back-end concept;2023-05-28T20:14:53;Wisconsin compressing;2023-05-28T16:55:49
8;45989;Customer infomediari;30646;ONTHEJOB;cohesive transmitting Books;Plastic;Keyboard Self-enabling Computers;blue innovative;Fiji Macao;back architectures solid;toolset experiences;Market Awesome;functionalities;niches withdrawal groupware;Account;Handmade Granite Fresh;2023-05-27T22:11:58;hack Fields;2023-05-28T17:57:09
9;14304;Cotton architectures;63920;COURSE;Solomon morph Cape;International Grocery Bedfordshire;Soap blockchains;Web Garden;Concrete Rial;generate Berkshire Car;Polarised;bluetooth mint;De-engineered;Buckinghamshire Shoes;Keyboard Strategist;Dynamic;2023-05-28T09:15:51;Identity lime uniform;2023-05-28T05:42:25
10;33565;service-desk Account;50584;CERTIFICATE;optical Dynamic tan;actuating;deposit calculating;Senior deposit;Hawaii sticky Bypass;bricks-and-clicks enable;Checking sensor;Internal indexing;Burundi;invoice contextually-based Centralized;connect;Steel orchid;2023-05-27T22:01:53;turquoise;2023-05-28T12:40:30
